Date,Open,High,Low,Close,Adj Close,Volume
01/04/2021,274.7799987792969,275.0,265.20001220703125,268.94000244140625,268.94000244140625,15106100
01/05/2021,268.2900085449219,272.3999938964844,268.2099914550781,270.9700012207031,270.9700012207031,9871600
01/06/2021,262.0,267.75,260.010009765625,263.30999755859375,263.30999755859375,24354100
01/07/2021,265.8999938964844,271.6099853515625,264.7799987792969,268.739990234375,268.739990234375,15789800
01/08/2021,268.30999755859375,268.95001220703125,263.17999267578125,267.57000732421875,267.57000732421875,18528300
01/11/2021,260.4800109863281,263.4700012207031,255.89999389648438,256.8399963378906,256.8399963378906,30412300
01/12/2021,256.6300048828125,259.7200012207031,250.3000030517578,251.08999633789062,251.08999633789062,26383500
01/13/2021,251.5500030517578,253.9499969482422,249.1999969482422,251.63999938964844,251.63999938964844,19528900
01/14/2021,253.39999389648438,255.02999877929688,244.61000061035156,245.63999938964844,245.63999938964844,29739400
01/15/2021,247.89999389648438,253.86000061035156,247.16000366210938,251.36000061035156,251.36000061035156,24942900
01/19/2021,256.8999938964844,262.20001220703125,252.72000122070312,261.1000061035156,261.1000061035156,28028500
01/20/2021,268.92999267578125,270.32000732421875,263.6000061035156,267.4800109863281,267.4800109863281,25199900
01/21/2021,269.260009765625,273.6000061035156,267.489990234375,272.8699951171875,272.8699951171875,20838700
01/22/2021,272.010009765625,278.4700012207031,272.0,274.5,274.5,21954000
01/25/2021,278.1400146484375,280.1000061035156,271.510009765625,278.010009765625,278.010009765625,19087000
01/26/2021,278.1400146484375,285.3900146484375,277.80999755859375,282.04998779296875,282.04998779296875,19373600
01/27/2021,282.5299987792969,283.45001220703125,268.1199951171875,272.1400146484375,272.1400146484375,35346200
01/28/2021,277.17999267578125,286.7900085449219,264.70001220703125,265.0,265.0,37758800
01/29/2021,265.29998779296875,266.55999755859375,254.85000610351562,258.3299865722656,258.3299865722656,30389500
02/01/2021,259.5199890136719,264.1700134277344,254.91000366210938,262.010009765625,262.010009765625,22914300
02/02/2021,264.0,268.8500061035156,263.2699890136719,267.0799865722656,267.0799865722656,17320800
02/03/2021,265.6199951171875,269.20001220703125,263.8399963378906,266.6499938964844,266.6499938964844,14223400
02/04/2021,267.010009765625,268.1600036621094,264.0,266.489990234375,266.489990234375,16060000
02/05/2021,266.79998779296875,269.1700134277344,265.6700134277344,268.1000061035156,268.1000061035156,12454400
02/08/2021,268.75,269.8599853515625,265.0,266.5799865722656,266.5799865722656,13755200
02/09/2021,266.44000244140625,273.3900146484375,265.75,269.45001220703125,269.45001220703125,14613400
02/10/2021,272.45001220703125,273.79998779296875,267.7200012207031,271.8699951171875,271.8699951171875,14687200
02/11/2021,271.8900146484375,273.5799865722656,268.489990234375,270.3900146484375,270.3900146484375,12828600
02/12/2021,270.5199890136719,271.17999267578125,268.3399963378906,270.5,270.5,9097600
02/16/2021,270.79998779296875,276.6000061035156,270.04998779296875,273.9700012207031,273.9700012207031,15417200
02/17/2021,271.239990234375,273.9700012207031,269.5799865722656,273.57000732421875,273.57000732421875,12763200
02/18/2021,269.57000732421875,271.95001220703125,266.0299987792969,269.3900146484375,269.3900146484375,15249100
02/19/2021,269.8599853515625,270.2699890136719,260.1499938964844,261.55999755859375,261.55999755859375,25622600
02/22/2021,257.95001220703125,263.07000732421875,257.5299987792969,260.3299865722656,260.3299865722656,17434900
02/23/2021,259.5,267.4599914550781,254.9600067138672,265.8599853515625,265.8599853515625,21924600
02/24/2021,262.3299865722656,266.3800048828125,258.3900146484375,264.30999755859375,264.30999755859375,15736100
02/25/2021,262.29998779296875,266.94000244140625,254.0399932861328,254.69000244140625,254.69000244140625,19053100
02/26/2021,256.4700012207031,265.54998779296875,256.4700012207031,257.6199951171875,257.6199951171875,26619500
03/01/2021,260.82000732421875,266.6499938964844,257.8999938964844,264.9100036621094,264.9100036621094,22157300
03/02/2021,265.7799987792969,266.7099914550781,258.6499938964844,259.0,259.0,15191700
03/03/2021,260.2900085449219,260.989990234375,255.10000610351562,255.41000366210938,255.41000366210938,15513500
03/04/2021,256.4700012207031,266.489990234375,253.5,257.6400146484375,257.6400146484375,31626500
03/05/2021,260.6700134277344,265.45001220703125,255.61000061035156,264.2799987792969,264.2799987792969,26820100
03/08/2021,265.54998779296875,265.5799865722656,255.0500030517578,255.30999755859375,255.30999755859375,18391800
03/09/2021,261.17999267578125,268.5299987792969,259.80999755859375,265.739990234375,265.739990234375,22039700
03/10/2021,268.6400146484375,268.9700012207031,262.8699951171875,264.8999938964844,264.8999938964844,14210300
03/11/2021,268.1099853515625,277.8999938964844,267.82000732421875,273.8800048828125,273.8800048828125,21834000
03/12/2021,269.1400146484375,269.739990234375,264.0199890136719,268.3999938964844,268.3999938964844,20600200
03/15/2021,269.0799865722656,275.9599914550781,268.5,273.75,273.75,16844800
03/16/2021,276.0799865722656,282.1400146484375,274.79998779296875,279.2799987792969,279.2799987792969,22437700
03/17/2021,275.7099914550781,286.2300109863281,275.4100036621094,284.010009765625,284.010009765625,21315000
03/18/2021,279.8699951171875,285.19000244140625,278.2799987792969,278.6199951171875,278.6199951171875,18728300
03/19/2021,281.2200012207031,292.79998779296875,281.20001220703125,290.1099853515625,290.1099853515625,38930500
03/22/2021,290.45001220703125,299.7099914550781,286.75,293.5400085449219,293.5400085449219,28273100
03/23/2021,293.1499938964844,298.0,289.80999755859375,290.6300048828125,290.6300048828125,23000900
03/24/2021,291.0,291.7200012207031,281.1600036621094,282.1400146484375,282.1400146484375,18675000
03/25/2021,280.9800109863281,288.05999755859375,277.75,278.739990234375,278.739990234375,24505600
03/26/2021,278.29998779296875,284.5,277.7699890136719,283.0199890136719,283.0199890136719,17629200
03/29/2021,285.7699890136719,293.17999267578125,284.70001220703125,290.82000732421875,290.82000732421875,21718800
03/30/2021,289.8299865722656,292.4700012207031,286.70001220703125,288.0,288.0,17474500
03/31/2021,289.989990234375,296.5,288.6099853515625,294.5299987792969,294.5299987792969,19498200
04/01/2021,298.3999938964844,302.3999938964844,296.6000061035156,298.6600036621094,298.6600036621094,17616000
04/05/2021,300.8900146484375,310.7699890136719,300.67999267578125,308.9100036621094,308.9100036621094,28237000
04/06/2021,308.8399963378906,311.3500061035156,305.25,306.260009765625,306.260009765625,17335200
04/07/2021,306.3399963378906,314.25,305.5,313.0899963378906,313.0899963378906,22855200
04/08/2021,314.8500061035156,315.8800048828125,310.04998779296875,313.0199890136719,313.0199890136719,20894100
04/09/2021,311.3999938964844,314.739990234375,310.3299865722656,312.4599914550781,312.4599914550781,15988600
04/12/2021,311.04998779296875,312.1499938964844,307.92999267578125,311.5400085449219,311.5400085449219,10881900
04/13/2021,312.2099914550781,314.42999267578125,309.32000732421875,309.760009765625,309.760009765625,14036900
04/14/2021,307.29998779296875,308.0299987792969,301.95001220703125,302.82000732421875,302.82000732421875,17421400
04/15/2021,306.3399963378906,310.1400146484375,304.1000061035156,307.82000732421875,307.82000732421875,14558300
04/16/2021,308.1700134277344,308.95001220703125,304.6099853515625,306.17999267578125,306.17999267578125,13059200
04/19/2021,305.010009765625,307.70001220703125,300.55999755859375,302.239990234375,302.239990234375,14553500
04/20/2021,301.989990234375,305.1000061035156,297.2099914550781,302.6499938964844,302.6499938964844,16796400
04/21/2021,301.95001220703125,301.9800109863281,297.3900146484375,301.4700012207031,301.4700012207031,14863500
04/22/2021,301.3299865722656,302.9200134277344,296.0400085449219,296.5199890136719,296.5199890136719,16375400
04/23/2021,298.760009765625,302.5899963378906,297.1499938964844,301.1300048828125,301.1300048828125,17536800
04/26/2021,303.3399963378906,305.79998779296875,301.55999755859375,303.0400085449219,303.0400085449219,16172600
04/27/2021,304.2799987792969,305.3399963378906,301.1099853515625,303.57000732421875,303.57000732421875,15309300
04/28/2021,307.3599853515625,310.9200134277344,305.3699951171875,307.1000061035156,307.1000061035156,33907200
04/29/2021,330.1199951171875,331.80999755859375,321.6099853515625,329.510009765625,329.510009765625,56526800
04/30/2021,326.1400146484375,329.82000732421875,324.5,325.0799865722656,325.0799865722656,26332400
05/03/2021,326.1700134277344,328.54998779296875,321.8399963378906,322.5799865722656,322.5799865722656,18719500
05/04/2021,320.0199890136719,322.19000244140625,313.1199951171875,318.3599853515625,318.3599853515625,24032600
05/05/2021,318.19000244140625,321.05999755859375,314.489990234375,315.0199890136719,315.0199890136719,15577600
05/06/2021,314.5199890136719,320.239990234375,313.2699890136719,320.0199890136719,320.0199890136719,19012200
05/07/2021,322.3800048828125,322.94000244140625,318.75,319.0799865722656,319.0799865722656,15916700
05/10/2021,314.3500061035156,314.5799865722656,304.8299865722656,305.9700012207031,305.9700012207031,24239200
05/11/2021,300.75,306.8399963378906,299.69000244140625,306.5299987792969,306.5299987792969,18920100
05/12/2021,301.1300048828125,304.9599914550781,298.19000244140625,302.54998779296875,302.54998779296875,24645500
05/13/2021,306.0799865722656,308.8599853515625,302.7699890136719,305.260009765625,305.260009765625,18079200
05/14/2021,309.5400085449219,316.8500061035156,309.0799865722656,315.94000244140625,315.94000244140625,19245700
05/17/2021,313.54998779296875,315.67999267578125,311.5799865722656,315.4599914550781,315.4599914550781,15401300
05/18/2021,315.5899963378906,316.5,309.80999755859375,309.9599914550781,309.9599914550781,14522400
05/19/2021,304.19000244140625,314.6600036621094,303.57000732421875,313.5899963378906,313.5899963378906,19106200
05/20/2021,313.5799865722656,319.25,313.1600036621094,318.6099853515625,318.6099853515625,17320200
05/21/2021,319.2900085449219,319.92999267578125,315.80999755859375,316.2300109863281,316.2300109863281,13600900
05/24/2021,318.2099914550781,325.95001220703125,318.0299987792969,324.6300048828125,324.6300048828125,16445400
05/25/2021,327.0799865722656,329.17999267578125,324.79998779296875,327.7900085449219,327.7900085449219,16437000
05/26/2021,328.3500061035156,329.8299865722656,325.82000732421875,327.6600036621094,327.6600036621094,9686900
05/27/2021,328.0,333.7799987792969,326.760009765625,332.75,332.75,20477700
05/28/2021,331.0,332.8699951171875,328.3299865722656,328.7300109863281,328.7300109863281,12037400
06/01/2021,330.1499938964844,331.4200134277344,326.6400146484375,329.1300048828125,329.1300048828125,11765900
06/02/2021,330.3800048828125,331.8699951171875,327.1199951171875,329.1499938964844,329.1499938964844,11654300
06/03/2021,325.7799987792969,327.3800048828125,323.4800109863281,326.0400085449219,326.0400085449219,12610800
06/04/2021,325.8999938964844,332.4599914550781,325.17999267578125,330.3500061035156,330.3500061035156,13289400
06/07/2021,329.4800109863281,337.69000244140625,328.92999267578125,336.5799865722656,336.5799865722656,20136700
06/08/2021,336.70001220703125,338.29998779296875,332.239990234375,333.67999267578125,333.67999267578125,14580500
06/09/2021,335.739990234375,336.79998779296875,330.0,330.25,330.25,13727900
06/10/2021,330.7900085449219,333.94000244140625,328.54998779296875,332.4599914550781,332.4599914550781,13240200
06/11/2021,332.5799865722656,332.8299865722656,328.92999267578125,331.260009765625,331.260009765625,13587900
06/14/2021,331.8999938964844,336.82000732421875,329.80999755859375,336.7699890136719,336.7699890136719,12250800
06/15/2021,336.989990234375,339.9200134277344,335.0299987792969,336.75,336.75,15795200
06/16/2021,336.70001220703125,337.54998779296875,328.7200012207031,331.0799865722656,331.0799865722656,17232200
06/17/2021,330.489990234375,337.9800109863281,330.1499938964844,336.510009765625,336.510009765625,17794100
06/18/2021,334.5299987792969,336.1499938964844,329.0,329.6600036621094,329.6600036621094,23039500
06/21/2021,331.0899963378906,332.9200134277344,327.6499938964844,332.2900085449219,332.2900085449219,11337500
06/22/2021,332.69000244140625,339.9200134277344,332.6000061035156,339.0299987792969,339.0299987792969,15345300
06/23/2021,339.3500061035156,343.4200134277344,338.20001220703125,340.5899963378906,340.5899963378906,14817800
06/24/2021,341.8500061035156,344.8999938964844,341.7900085449219,343.17999267578125,343.17999267578125,12329100
06/25/2021,342.5899963378906,344.1199951171875,339.67999267578125,341.3699951171875,341.3699951171875,14594400
06/28/2021,342.4599914550781,358.1400146484375,341.7699890136719,355.6400146484375,355.6400146484375,29156100
06/29/2021,356.2699890136719,356.739990234375,349.04998779296875,351.8900146484375,351.8900146484375,21417300
06/30/2021,352.1700134277344,352.9200134277344,347.1700134277344,347.7099914550781,347.7099914550781,15107500
07/01/2021,346.82000732421875,354.6700134277344,346.5,354.3900146484375,354.3900146484375,17137000
07/02/2021,355.1000061035156,356.44000244140625,352.6199951171875,354.70001220703125,354.70001220703125,11521300
07/06/2021,356.5,358.7900085449219,349.17999267578125,352.7799987792969,352.7799987792969,13488500
07/07/2021,355.260009765625,356.489990234375,350.0,350.489990234375,350.489990234375,14218900
07/08/2021,345.7300109863281,348.3299865722656,342.55999755859375,345.6499938964844,345.6499938964844,14406500
07/09/2021,345.32000732421875,350.7099914550781,345.2699890136719,350.4200134277344,350.4200134277344,13018700
07/12/2021,351.2300109863281,354.19000244140625,349.6400146484375,353.1600036621094,353.1600036621094,10018600
07/13/2021,351.5,358.489990234375,348.79998779296875,352.0899963378906,352.0899963378906,11456000
07/14/2021,354.55999755859375,355.20001220703125,346.7300109863281,347.6300048828125,347.6300048828125,13894200
07/15/2021,349.2300109863281,349.2300109863281,340.2200012207031,344.4599914550781,344.4599914550781,14781600
07/16/2021,344.9100036621094,345.989990234375,340.1400146484375,341.1600036621094,341.1600036621094,11026100
07/19/2021,337.57000732421875,339.7900085449219,334.5400085449219,336.95001220703125,336.95001220703125,14372300
07/20/2021,338.79998779296875,343.45001220703125,334.5,341.6600036621094,341.6600036621094,11024300
07/21/2021,341.5,346.5199890136719,341.25,346.2300109863281,346.2300109863281,9279700
07/22/2021,346.67999267578125,351.5400085449219,345.2099914550781,351.19000244140625,351.19000244140625,12385400
07/23/2021,360.9100036621094,375.3299865722656,357.19000244140625,369.7900085449219,369.7900085449219,33694300
07/26/2021,369.5799865722656,374.44000244140625,368.2200012207031,372.4599914550781,372.4599914550781,14925200
07/27/2021,371.9100036621094,373.1499938964844,364.54998779296875,367.80999755859375,367.80999755859375,15705400
07/28/2021,374.55999755859375,377.54998779296875,366.92999267578125,373.2799987792969,373.2799987792969,29676900
07/29/2021,361.0,365.5199890136719,356.739990234375,358.32000732421875,358.32000732421875,33413200
07/30/2021,354.0,360.7300109863281,352.94000244140625,356.29998779296875,356.29998779296875,15976200
08/02/2021,358.1000061035156,359.3999938964844,350.739990234375,351.95001220703125,351.95001220703125,13180400
08/03/2021,352.7300109863281,353.7699890136719,347.70001220703125,351.239990234375,351.239990234375,12406100
08/04/2021,352.4200134277344,360.4800109863281,351.510009765625,358.9200134277344,358.9200134277344,14180600
08/05/2021,359.6400146484375,363.8999938964844,356.8999938964844,362.9700012207031,362.9700012207031,10247200
08/06/2021,361.3999938964844,365.1499938964844,361.3999938964844,363.510009765625,363.510009765625,8925000
08/09/2021,363.760009765625,365.7799987792969,360.75,361.6099853515625,361.6099853515625,7798900
08/10/2021,361.8299865722656,364.1000061035156,359.0400085449219,361.1300048828125,361.1300048828125,7469900
08/11/2021,362.1000061035156,362.3599853515625,357.80999755859375,359.9599914550781,359.9599914550781,8400300
08/12/2021,358.45001220703125,363.0,357.1099853515625,362.6499938964844,362.6499938964844,7170700
08/13/2021,362.9700012207031,364.6600036621094,361.4800109863281,363.17999267578125,363.17999267578125,7195700
08/16/2021,362.5199890136719,366.95001220703125,357.3800048828125,366.55999755859375,366.55999755859375,11222100
08/17/2021,362.9800109863281,364.6700134277344,355.07000732421875,358.45001220703125,358.45001220703125,12328700
08/18/2021,356.25,359.8599853515625,355.1499938964844,355.45001220703125,355.45001220703125,10042400
08/19/2021,351.3500061035156,357.57000732421875,351.0,355.1199951171875,355.1199951171875,12004500
08/20/2021,354.6000061035156,359.989990234375,353.30999755859375,359.3699951171875,359.3699951171875,8697700
08/23/2021,359.44000244140625,365.69000244140625,359.1000061035156,363.3500061035156,363.3500061035156,10942000
08/24/2021,363.6600036621094,367.9599914550781,361.8399963378906,365.510009765625,365.510009765625,9235100
08/25/2021,365.6000061035156,370.8599853515625,365.3999938964844,368.3900146484375,368.3900146484375,9684500
08/26/2021,368.3800048828125,369.44000244140625,364.1300048828125,364.3800048828125,364.3800048828125,7888700
08/27/2021,365.1000061035156,373.739990234375,364.0799865722656,372.6300048828125,372.6300048828125,11219100
08/30/2021,372.55999755859375,381.489990234375,370.5199890136719,380.6600036621094,380.6600036621094,13547300
08/31/2021,379.95001220703125,382.760009765625,378.79998779296875,379.3800048828125,379.3800048828125,12345400
09/01/2021,379.5899963378906,384.3299865722656,378.80999755859375,382.04998779296875,382.04998779296875,11567200
09/02/2021,381.5,381.75,374.05999755859375,375.2799987792969,375.2799987792969,14832900
09/03/2021,374.75,377.1600036621094,373.1099853515625,376.260009765625,376.260009765625,7509600
09/07/2021,375.8800048828125,382.9599914550781,373.1499938964844,382.17999267578125,382.17999267578125,10793800
09/08/2021,380.1600036621094,380.8699951171875,374.7900085449219,377.57000732421875,377.57000732421875,11067200
09/09/2021,377.6400146484375,379.8299865722656,376.57000732421875,378.0,378.0,9098900
09/10/2021,381.3599853515625,383.7900085449219,378.260009765625,378.69000244140625,378.69000244140625,11549600
09/13/2021,381.67999267578125,381.75,374.3500061035156,376.510009765625,376.510009765625,13026300
09/14/2021,377.3999938964844,378.5899963378906,375.1099853515625,376.5299987792969,376.5299987792969,8711600
09/15/2021,377.0,377.55999755859375,367.6700134277344,373.9200134277344,373.9200134277344,17940300
09/16/2021,372.7900085449219,373.55999755859375,369.7099914550781,373.05999755859375,373.05999755859375,11934200
09/17/2021,371.4100036621094,371.4100036621094,361.5899963378906,364.7200012207031,364.7200012207031,26299000
09/20/2021,359.29998779296875,361.0299987792969,349.79998779296875,355.70001220703125,355.70001220703125,19822800
09/21/2021,358.5,360.0400085449219,355.19000244140625,357.4800109863281,357.4800109863281,11751900
09/22/2021,347.2300109863281,349.8399963378906,340.69000244140625,343.2099914550781,343.2099914550781,43692900
09/23/2021,345.3599853515625,349.6700134277344,343.0,345.9599914550781,345.9599914550781,21806300
09/24/2021,343.239990234375,354.3500061035156,342.3699951171875,352.9599914550781,352.9599914550781,18801900
09/27/2021,349.80999755859375,355.1499938964844,347.0799865722656,353.5799865722656,353.5799865722656,15205800
09/28/2021,347.9700012207031,349.6000061035156,338.9200134277344,340.6499938964844,340.6499938964844,21710300
09/29/2021,343.1499938964844,345.2300109863281,338.8800048828125,339.6099853515625,339.6099853515625,14452200
09/30/2021,340.45001220703125,342.79998779296875,338.1499938964844,339.3900146484375,339.3900146484375,16547100
10/01/2021,341.6099853515625,345.0199890136719,338.6400146484375,343.010009765625,343.010009765625,14905300
10/04/2021,335.5299987792969,335.94000244140625,322.70001220703125,326.2300109863281,326.2300109863281,42885000
10/05/2021,328.5799865722656,335.17999267578125,326.1600036621094,332.9599914550781,332.9599914550781,35377900
10/06/2021,329.739990234375,334.3800048828125,325.79998779296875,333.6400146484375,333.6400146484375,26443000
10/07/2021,337.0,338.8399963378906,328.9800109863281,329.2200012207031,329.2200012207031,28307500
10/08/2021,331.510009765625,333.3999938964844,328.7099914550781,330.04998779296875,330.04998779296875,15946100
10/11/2021,327.6300048828125,330.4599914550781,325.30999755859375,325.45001220703125,325.45001220703125,14708200
10/12/2021,323.0299987792969,324.3800048828125,317.3699951171875,323.7699890136719,323.7699890136719,31658700
10/13/2021,326.9700012207031,327.0,322.6600036621094,324.5400085449219,324.5400085449219,14761500
10/14/2021,328.3599853515625,330.5199890136719,327.1000061035156,328.5299987792969,328.5299987792969,14302200
10/15/2021,328.67999267578125,329.07000732421875,322.510009765625,324.760009765625,324.760009765625,21596400
10/18/2021,328.95001220703125,335.8900146484375,327.5,335.3399963378906,335.3399963378906,21585000
10/19/2021,339.6499938964844,342.4599914550781,337.2799987792969,339.989990234375,339.989990234375,18786300
10/20/2021,343.45001220703125,343.9800109863281,339.45001220703125,340.7799987792969,340.7799987792969,13639500
10/21/2021,340.2799987792969,342.30999755859375,337.79998779296875,341.8800048828125,341.8800048828125,16354400
10/22/2021,326.3500061035156,329.6300048828125,321.1099853515625,324.6099853515625,324.6099853515625,35224500
10/25/2021,320.29998779296875,329.55999755859375,319.7200012207031,328.69000244140625,328.69000244140625,38409000
10/26/2021,328.260009765625,330.2099914550781,309.6000061035156,315.80999755859375,315.80999755859375,65654000
10/27/2021,314.19000244140625,319.25,312.05999755859375,312.2200012207031,312.2200012207031,29971800
10/28/2021,312.989990234375,325.5199890136719,308.1099853515625,316.9200134277344,316.9200134277344,50806800
10/29/2021,320.19000244140625,326.0,319.6000061035156,323.57000732421875,323.57000732421875,37059400
11/01/2021,326.0400085449219,333.45001220703125,326.0,329.9800109863281,329.9800109863281,31518900
11/02/2021,331.3800048828125,334.7900085449219,323.79998779296875,328.0799865722656,328.0799865722656,28353000
11/03/2021,327.489990234375,332.1499938964844,323.20001220703125,331.6199951171875,331.6199951171875,20786500
11/04/2021,334.010009765625,337.2699890136719,332.6499938964844,335.8500061035156,335.8500061035156,22495300
11/05/2021,340.30999755859375,346.7900085449219,339.6400146484375,341.1300048828125,341.1300048828125,26872800
11/08/2021,344.4200134277344,344.7900085449219,338.3399963378906,338.6199951171875,338.6199951171875,18342500
11/09/2021,340.0,341.30999755859375,334.4700012207031,335.3699951171875,335.3699951171875,17556700
11/10/2021,332.489990234375,333.19000244140625,325.510009765625,327.6400146484375,327.6400146484375,21872600
11/11/2021,329.82000732421875,332.4599914550781,327.0,327.739990234375,327.739990234375,12376600
11/12/2021,330.17999267578125,341.8599853515625,329.7799987792969,340.8900146484375,340.8900146484375,25414300
11/15/2021,344.3399963378906,353.6499938964844,343.20001220703125,347.55999755859375,347.55999755859375,25076600
11/16/2021,343.8299865722656,346.6499938964844,340.8699951171875,342.9599914550781,342.9599914550781,18181100
11/17/2021,344.239990234375,347.29998779296875,340.1000061035156,340.7699890136719,340.7699890136719,13602800
11/18/2021,339.7200012207031,342.4599914550781,335.29998779296875,338.69000244140625,338.69000244140625,17487200
11/19/2021,342.20001220703125,352.1000061035156,339.8999938964844,345.29998779296875,345.29998779296875,26488500
11/22/2021,349.04998779296875,353.8299865722656,340.510009765625,341.010009765625,341.010009765625,27116800
11/23/2021,338.92999267578125,341.3999938964844,333.5,337.25,337.25,17225000
11/24/2021,336.0,341.7799987792969,332.80999755859375,341.05999755859375,341.05999755859375,13566200
11/26/2021,335.79998779296875,337.75,331.8999938964844,333.1199951171875,333.1199951171875,14750700
11/29/2021,336.8900146484375,340.6700134277344,335.30999755859375,338.0299987792969,338.0299987792969,16650900
11/30/2021,335.0,335.80999755859375,323.42999267578125,324.4599914550781,324.4599914550781,25390000
12/01/2021,330.2900085449219,330.5,310.2900085449219,310.6000061035156,310.6000061035156,30329600
12/02/2021,311.3999938964844,314.6000061035156,307.20001220703125,310.3900146484375,310.3900146484375,24396200
12/03/2021,313.7300109863281,313.75,299.5,306.8399963378906,306.8399963378906,27471000
12/06/2021,308.1300048828125,320.1000061035156,306.3399963378906,317.8699951171875,317.8699951171875,21758300
12/07/2021,321.57000732421875,326.5400085449219,321.0,322.80999755859375,322.80999755859375,18794000
12/08/2021,325.0,332.75,323.07000732421875,330.55999755859375,330.55999755859375,19937700
12/09/2021,329.5400085449219,336.1300048828125,328.0,329.82000732421875,329.82000732421875,16879200
12/10/2021,332.55999755859375,335.0299987792969,326.3699951171875,329.75,329.75,14528000
12/13/2021,330.95001220703125,341.0899963378906,329.5899963378906,334.489990234375,334.489990234375,22948700
12/14/2021,328.04998779296875,335.70001220703125,327.6499938964844,333.739990234375,333.739990234375,20461000
12/15/2021,332.489990234375,342.1099853515625,323.9800109863281,341.6600036621094,341.6600036621094,24681300
12/16/2021,338.9800109863281,344.4599914550781,333.739990234375,334.8999938964844,334.8999938964844,22635000
12/17/2021,332.79998779296875,337.1099853515625,330.75,333.7900085449219,333.7900085449219,40012600
12/20/2021,329.7799987792969,329.8999938964844,322.5299987792969,325.45001220703125,325.45001220703125,17901800
12/21/2021,326.4100036621094,336.0,323.75,334.20001220703125,334.20001220703125,16116800
12/22/2021,333.79998779296875,334.510009765625,328.260009765625,330.45001220703125,330.45001220703125,16764600
12/23/2021,330.1000061035156,336.6700134277344,328.3599853515625,335.239990234375,335.239990234375,13987700
12/27/2021,338.8500061035156,347.8699951171875,338.010009765625,346.17999267578125,346.17999267578125,17795000
12/28/2021,346.6300048828125,352.7099914550781,345.20001220703125,346.2200012207031,346.2200012207031,16637600
12/29/2021,346.9100036621094,349.69000244140625,341.6400146484375,342.94000244140625,342.94000244140625,10747000
12/30/2021,344.0,347.2300109863281,343.2200012207031,344.3599853515625,344.3599853515625,10593300
12/31/2021,343.0199890136719,343.44000244140625,336.2699890136719,336.3500061035156,336.3500061035156,12870500
01/03/2022,338.29998779296875,341.0799865722656,337.19000244140625,338.5400085449219,338.5400085449219,14537900
01/04/2022,339.95001220703125,343.0899963378906,331.8699951171875,336.5299987792969,336.5299987792969,15998000
01/05/2022,333.0199890136719,335.760009765625,323.8399963378906,324.1700134277344,324.1700134277344,20564500
01/06/2022,322.82000732421875,339.1700134277344,322.7200012207031,332.4599914550781,332.4599914550781,27962800
01/07/2022,332.739990234375,337.0,328.8800048828125,331.7900085449219,331.7900085449219,14722000
01/10/2022,325.30999755859375,328.3399963378906,315.42999267578125,328.07000732421875,328.07000732421875,24942400
01/11/2022,326.7799987792969,334.6300048828125,325.2799987792969,334.3699951171875,334.3699951171875,16226800
01/12/2022,335.17999267578125,336.3699951171875,330.0299987792969,333.260009765625,333.260009765625,14104900
01/13/2022,334.9800109863281,335.6300048828125,325.760009765625,326.4800109863281,326.4800109863281,14797100
01/14/2022,321.7900085449219,332.7300109863281,321.2099914550781,331.8999938964844,331.8999938964844,16868500
01/18/2022,323.2900085449219,324.2099914550781,317.6400146484375,318.1499938964844,318.1499938964844,22645600
01/19/2022,319.5799865722656,327.1000061035156,319.3299865722656,319.5899963378906,319.5899963378906,20814700
01/20/2022,323.8999938964844,327.82000732421875,315.9800109863281,316.55999755859375,316.55999755859375,16925000
01/21/2022,314.80999755859375,318.30999755859375,303.0400085449219,303.1700134277344,303.1700134277344,28710700
01/24/2022,297.8399963378906,309.5299987792969,289.010009765625,308.7099914550781,308.7099914550781,38878100
01/25/2022,299.95001220703125,306.2300109863281,297.5799865722656,300.1499938964844,300.1499938964844,25108500
01/26/2022,307.010009765625,307.510009765625,290.8500061035156,294.6300048828125,294.6300048828125,28348800
01/27/2022,297.75,301.7099914550781,294.260009765625,294.6400146484375,294.6400146484375,21629900
01/28/2022,295.6199951171875,301.8999938964844,293.0299987792969,301.7099914550781,301.7099914550781,21871600
01/31/2022,300.67999267578125,313.7900085449219,299.32000732421875,313.260009765625,313.260009765625,21579500
02/01/2022,314.55999755859375,319.6600036621094,312.1199951171875,319.0,319.0,18023800
02/02/2022,327.82000732421875,328.0,316.8699951171875,323.0,323.0,58458300
02/03/2022,244.64999389648438,248.0,235.75,237.75999450683594,237.75999450683594,188119900
02/04/2022,234.97000122070312,242.61000061035156,230.11000061035156,237.08999633789062,237.08999633789062,89342200
02/07/2022,237.6999969482422,238.3000030517578,224.00999450683594,224.91000366210938,224.91000366210938,88613800
02/08/2022,220.85000610351562,225.77000427246094,216.14999389648438,220.17999267578125,220.17999267578125,94729700
02/09/2022,224.1999969482422,233.3699951171875,222.2100067138672,232.0,232.0,86563300
02/10/2022,228.27000427246094,235.0,226.6999969482422,228.07000732421875,228.07000732421875,49310400
02/11/2022,228.4600067138672,230.4199981689453,218.77000427246094,219.5500030517578,219.5500030517578,46156900
02/14/2022,219.30999755859375,221.0,214.77999877929688,217.6999969482422,217.6999969482422,38184000
02/15/2022,220.47000122070312,221.14999389648438,215.05999755859375,221.0,221.0,42685500
02/16/2022,212.41000366210938,217.4600067138672,212.36000061035156,216.5399932861328,216.5399932861328,45817500
02/17/2022,214.02000427246094,217.5,207.16000366210938,207.7100067138672,207.7100067138672,38747500
02/18/2022,209.38999938964844,210.75,205.17999267578125,206.16000366210938,206.16000366210938,37128400
02/22/2022,202.33999633789062,207.47999572753906,200.05999755859375,202.0800018310547,202.0800018310547,39852400
02/23/2022,204.16000366210938,206.94000244140625,198.0500030517578,198.4499969482422,198.4499969482422,44481400
02/24/2022,191.05999755859375,208.35000610351562,190.22000122070312,207.60000610351562,207.60000610351562,49957200
02/25/2022,204.94000244140625,211.32000732421875,203.17999267578125,210.47999572753906,210.47999572753906,37627600
02/28/2022,207.67999267578125,213.14999389648438,206.8300018310547,211.02999877929688,211.02999877929688,34239800
03/01/2022,209.8699951171875,211.75,202.22000122070312,203.49000549316406,203.49000549316406,27094900
03/02/2022,204.77999877929688,209.14999389648438,202.02000427246094,208.11000061035156,208.11000061035156,29452100
03/03/2022,209.02000427246094,209.0800018310547,201.4199981689453,202.97000122070312,202.97000122070312,27263500
03/04/2022,202.3699951171875,205.88999938964844,198.7899932861328,200.05999755859375,200.05999755859375,32130900
03/07/2022,200.7899932861328,200.88999938964844,187.27999877929688,187.47000122070312,187.47000122070312,38560600
03/08/2022,187.85000610351562,196.6999969482422,186.11000061035156,190.2899932861328,190.2899932861328,37508100
03/09/2022,195.74000549316406,199.10000610351562,193.9199981689453,198.5,198.5,31894700
03/10/2022,194.83999633789062,196.27999877929688,191.07000732421875,195.2100067138672,195.2100067138672,24853000
03/11/2022,192.63999938964844,193.55999755859375,186.6699981689453,187.61000061035156,187.61000061035156,34694500
03/14/2022,187.02999877929688,192.2899932861328,185.82000732421875,186.6300048828125,186.6300048828125,31010500
03/15/2022,190.8000030517578,192.27999877929688,185.91000366210938,192.02999877929688,192.02999877929688,31721700
03/16/2022,194.6999969482422,203.72999572753906,194.52000427246094,203.6300048828125,203.6300048828125,40640300
03/17/2022,201.6999969482422,208.0399932861328,201.11000061035156,207.83999633789062,207.83999633789062,29499700
03/18/2022,206.6999969482422,216.8000030517578,206.0,216.49000549316406,216.49000549316406,52128000
03/21/2022,214.5,214.7100067138672,207.6300048828125,211.49000549316406,211.49000549316406,30142300
03/22/2022,211.3699951171875,219.4600067138672,210.17999267578125,216.64999389648438,216.64999389648438,31998800
03/23/2022,213.3300018310547,216.8000030517578,212.16000366210938,213.4600067138672,213.4600067138672,23717300
03/24/2022,215.0,220.6699981689453,214.7899932861328,219.57000732421875,219.57000732421875,31502300
03/25/2022,220.50999450683594,225.5,218.88999938964844,221.82000732421875,221.82000732421875,40039000
03/28/2022,222.1300048828125,224.0399932861328,219.5399932861328,223.58999633789062,223.58999633789062,26224100
03/29/2022,226.07000732421875,230.88999938964844,225.2899932861328,229.86000061035156,229.86000061035156,31417900
03/30/2022,228.91000366210938,231.14999389648438,226.7100067138672,227.85000610351562,227.85000610351562,25588000
03/31/2022,228.4499969482422,228.49000549316406,222.25999450683594,222.36000061035156,222.36000061035156,24192300
04/01/2022,224.5500030517578,227.27999877929688,222.6999969482422,224.85000610351562,224.85000610351562,19544800
04/04/2022,225.97999572753906,234.35000610351562,225.86000061035156,233.88999938964844,233.88999938964844,28054800
04/05/2022,234.0800018310547,236.86000061035156,231.02000427246094,231.83999633789062,231.83999633789062,29727200
04/06/2022,226.91000366210938,228.99000549316406,221.41000366210938,223.3000030517578,223.3000030517578,28995100
04/07/2022,223.92999267578125,225.52000427246094,218.55999755859375,222.9499969482422,222.9499969482422,21037200
04/08/2022,222.3800048828125,225.1300048828125,220.02999877929688,222.3300018310547,222.3300018310547,18375700
04/11/2022,218.4199981689453,220.61000061035156,215.22000122070312,216.4600067138672,216.4600067138672,20516600
04/12/2022,220.24000549316406,222.02999877929688,213.1300048828125,214.13999938964844,214.13999938964844,20128800
04/13/2022,211.82000732421875,216.61000061035156,211.3300018310547,214.99000549316406,214.99000549316406,19231800
04/14/2022,214.88999938964844,214.99000549316406,210.0,210.17999267578125,210.17999267578125,18379500
04/18/2022,210.0,213.3800048828125,208.3000030517578,210.77000427246094,210.77000427246094,16580800
04/19/2022,210.52000427246094,218.42999267578125,209.0,217.30999755859375,217.30999755859375,20089900
04/20/2022,213.61000061035156,214.16000366210938,198.9199981689453,200.4199981689453,200.4199981689453,43036500
04/21/2022,201.60000610351562,202.97000122070312,185.5800018310547,188.07000732421875,188.07000732421875,49954100
04/22/2022,190.3699951171875,192.72000122070312,183.27000427246094,184.11000061035156,184.11000061035156,36426800
04/25/2022,182.72999572753906,187.17999267578125,181.66000366210938,186.99000549316406,186.99000549316406,29281100
04/26/2022,186.6300048828125,187.19000244140625,179.5,180.9499969482422,180.9499969482422,31747400
04/27/2022,174.42999267578125,181.2100067138672,169.0,174.9499969482422,174.9499969482422,71062900
04/28/2022,202.9199981689453,208.52999877929688,192.89999389648438,205.72999572753906,205.72999572753906,100890600
04/29/2022,204.4600067138672,212.47999572753906,199.89999389648438,200.47000122070312,200.47000122070312,49193400
05/02/2022,201.1699981689453,211.8800048828125,200.99000549316406,211.1300048828125,211.1300048828125,49915300
05/03/2022,210.4499969482422,214.89999389648438,208.08999633789062,212.02999877929688,212.02999877929688,41556300
05/04/2022,210.64999389648438,224.3000030517578,206.9600067138672,223.41000366210938,223.41000366210938,41375900
05/05/2022,218.74000549316406,220.1699981689453,206.16000366210938,208.27999877929688,208.27999877929688,41129200
05/06/2022,207.33999633789062,209.3800048828125,201.02000427246094,203.77000427246094,203.77000427246094,34747200
05/09/2022,199.83999633789062,202.57000732421875,195.5800018310547,196.2100067138672,196.2100067138672,36303200
05/10/2022,199.50999450683594,202.9600067138672,194.19000244140625,197.64999389648438,197.64999389648438,34452500
05/11/2022,196.3300018310547,200.6699981689453,188.27000427246094,188.74000549316406,188.74000549316406,31153400
05/12/2022,187.05999755859375,198.0500030517578,184.77999877929688,191.24000549316406,191.24000549316406,38262200
05/13/2022,192.5800018310547,199.88999938964844,191.27999877929688,198.6199951171875,198.6199951171875,24549800
05/16/2022,197.0500030517578,205.3699951171875,195.92999267578125,200.0399932861328,200.0399932861328,27112600
05/17/2022,202.1199951171875,205.4600067138672,198.36000061035156,202.6199951171875,202.6199951171875,24872700
05/18/2022,200.0,201.0,191.6300048828125,192.24000549316406,192.24000549316406,23960000
05/19/2022,191.1999969482422,195.2899932861328,189.60000610351562,191.2899932861328,191.2899932861328,24446900
05/20/2022,194.97000122070312,197.91000366210938,187.8699951171875,193.5399932861328,193.5399932861328,31465600
05/23/2022,195.19000244140625,196.99000549316406,191.24000549316406,196.22999572753906,196.22999572753906,25059200
05/24/2022,180.5500030517578,183.67999267578125,176.11000061035156,181.27999877929688,181.27999877929688,50406300
05/25/2022,180.39999389648438,185.4499969482422,179.32000732421875,183.8300018310547,183.8300018310547,28030200
05/26/2022,182.8800048828125,192.8300018310547,182.25999450683594,191.6300048828125,191.6300048828125,23056500
05/27/2022,191.36000061035156,195.3300018310547,189.8000030517578,195.1300048828125,195.1300048828125,22562700
05/31/2022,194.88999938964844,197.60000610351562,192.00999450683594,193.63999938964844,193.63999938964844,26131100
06/01/2022,196.50999450683594,199.52999877929688,185.0,188.63999938964844,188.63999938964844,36623500
06/02/2022,188.4499969482422,200.94000244140625,187.72999572753906,198.86000061035156,198.86000061035156,31951600
06/03/2022,195.97999572753906,196.61000061035156,189.77999877929688,190.77999877929688,190.77999877929688,19465000
06/06/2022,193.99000549316406,196.9199981689453,188.39999389648438,194.25,194.25,30574200
06/07/2022,191.92999267578125,196.52999877929688,191.49000549316406,195.64999389648438,195.64999389648438,18828700
06/08/2022,194.6699981689453,202.02999877929688,194.41000366210938,196.63999938964844,196.63999938964844,22267200
06/09/2022,194.27999877929688,199.4499969482422,183.67999267578125,184.0,184.0,23501600
06/10/2022,183.0399932861328,183.10000610351562,175.02000427246094,175.57000732421875,175.57000732421875,27450800
06/13/2022,170.58999633789062,172.5800018310547,164.02999877929688,164.25999450683594,164.25999450683594,31749300
06/14/2022,166.02999877929688,166.75,161.36000061035156,163.72999572753906,163.72999572753906,27244300
06/15/2022,167.1999969482422,172.16000366210938,163.97999572753906,169.35000610351562,169.35000610351562,30008300
06/16/2022,163.72000122070312,165.0800018310547,159.61000061035156,160.8699951171875,160.8699951171875,26944100
06/17/2022,161.67999267578125,165.89999389648438,159.89999389648438,163.74000549316406,163.74000549316406,31374200
06/21/2022,165.92999267578125,167.75999450683594,155.97000122070312,157.0500030517578,157.0500030517578,50724900
06/22/2022,158.3800048828125,160.7899932861328,155.44000244140625,155.85000610351562,155.85000610351562,47267800
06/23/2022,156.27000427246094,159.75,154.25,158.75,158.75,40499200
06/24/2022,161.72999572753906,170.25,161.3000030517578,170.16000366210938,170.16000366210938,68736000
06/27/2022,171.32000732421875,171.75,168.00999450683594,169.49000549316406,169.49000549316406,29174600
06/28/2022,169.89999389648438,171.3000030517578,160.61000061035156,160.67999267578125,160.67999267578125,27744500
06/29/2022,163.57000732421875,166.3300018310547,160.32000732421875,163.94000244140625,163.94000244140625,28595200
06/30/2022,162.14999389648438,165.22999572753906,158.49000549316406,161.25,161.25,35250600
07/01/2022,160.30999755859375,160.6199951171875,155.0,160.02999877929688,160.02999877929688,31423900
07/05/2022,158.13999938964844,168.25,157.02000427246094,168.19000244140625,168.19000244140625,28618600
07/06/2022,168.1999969482422,171.58999633789062,165.4600067138672,169.77000427246094,169.77000427246094,23085900
07/07/2022,169.4499969482422,172.72000122070312,167.77999877929688,172.19000244140625,172.19000244140625,24083400
07/08/2022,169.97999572753906,172.39999389648438,168.14999389648438,170.8800048828125,170.8800048828125,19249200
07/11/2022,167.07000732421875,167.49000549316406,161.91000366210938,162.8800048828125,162.8800048828125,21885600
07/12/2022,164.8000030517578,165.91000366210938,162.10000610351562,163.27000427246094,163.27000427246094,16639700
07/13/2022,160.16000366210938,164.97999572753906,159.61000061035156,163.49000549316406,163.49000549316406,16555100
07/14/2022,161.22000122070312,162.58999633789062,157.27999877929688,158.0500030517578,158.0500030517578,23765200
07/15/2022,160.5399932861328,164.97999572753906,159.82000732421875,164.6999969482422,164.6999969482422,23342800
07/18/2022,166.75,171.69000244140625,165.63999938964844,167.22999572753906,167.22999572753906,23574300
07/19/2022,170.3699951171875,176.49000549316406,169.50999450683594,175.77999877929688,175.77999877929688,25933700
07/20/2022,177.49000549316406,183.60000610351562,176.6999969482422,183.08999633789062,183.08999633789062,24784300
07/21/2022,180.6300048828125,183.85000610351562,178.8699951171875,183.1699981689453,183.1699981689453,27195800
07/22/2022,173.07000732421875,175.60000610351562,168.41000366210938,169.27000427246094,169.27000427246094,42583900
07/25/2022,169.0,170.57000732421875,164.80999755859375,166.64999389648438,166.64999389648438,26166300
07/26/2022,165.94000244140625,166.0,157.9499969482422,159.14999389648438,159.14999389648438,28468400
07/27/2022,162.58999633789062,170.8699951171875,162.02000427246094,169.5800018310547,169.5800018310547,43846600
07/28/2022,161.05999755859375,161.50999450683594,154.85000610351562,160.72000122070312,160.72000122070312,73214300
07/29/2022,157.69000244140625,160.13999938964844,155.1699981689453,159.10000610351562,159.10000610351562,42065400
08/01/2022,157.25,165.19000244140625,155.22999572753906,159.92999267578125,159.92999267578125,40596700
08/02/2022,158.30999755859375,162.24000549316406,158.00999450683594,160.19000244140625,160.19000244140625,27374500
08/03/2022,162.69000244140625,169.5399932861328,161.57000732421875,168.8000030517578,168.8000030517578,31721900
08/04/2022,168.3000030517578,172.14999389648438,166.8000030517578,170.57000732421875,170.57000732421875,23938200
08/05/2022,166.99000549316406,171.61000061035156,165.8000030517578,167.11000061035156,167.11000061035156,25832700
08/08/2022,168.0,177.50999450683594,167.1300048828125,170.25,170.25,27299100
08/09/2022,168.9499969482422,169.52999877929688,166.60000610351562,168.52999877929688,168.52999877929688,18655100
08/10/2022,175.99000549316406,180.47999572753906,173.9499969482422,178.33999633789062,178.33999633789062,30262100
08/11/2022,179.7100067138672,183.10000610351562,176.3699951171875,177.49000549316406,177.49000549316406,24079100
08/12/2022,180.80999755859375,181.4600067138672,178.91000366210938,180.5,180.5,21274000
08/15/2022,178.9600067138672,181.44000244140625,178.1999969482422,180.88999938964844,180.88999938964844,15878700
08/16/2022,179.44000244140625,180.99000549316406,177.0399932861328,179.47000122070312,179.47000122070312,21156700
08/17/2022,176.75999450683594,178.13999938964844,174.1699981689453,174.85000610351562,174.85000610351562,20118100
08/18/2022,174.33999633789062,175.75999450683594,171.86000061035156,174.66000366210938,174.66000366210938,18844500
08/19/2022,170.1999969482422,172.32000732421875,167.0500030517578,167.9600067138672,167.9600067138672,26240800
08/22/2022,165.49000549316406,165.49000549316406,162.25999450683594,163.0500030517578,163.0500030517578,19499700
08/23/2022,162.47999572753906,165.0500030517578,160.6999969482422,161.11000061035156,161.11000061035156,18111800
08/24/2022,160.60000610351562,165.4600067138672,159.77000427246094,163.25999450683594,163.25999450683594,20891500
08/25/2022,165.17999267578125,168.8800048828125,164.02000427246094,168.77999877929688,168.77999877929688,15550500
08/26/2022,168.47999572753906,170.9199981689453,161.6699981689453,161.77999877929688,161.77999877929688,24023600
08/29/2022,160.66000366210938,163.0500030517578,159.00999450683594,159.1699981689453,159.1699981689453,20052700
08/30/2022,160.35000610351562,161.66000366210938,155.91000366210938,157.16000366210938,157.16000366210938,19567900
08/31/2022,167.07000732421875,167.83999633789062,162.13999938964844,162.92999267578125,162.92999267578125,40953000
09/01/2022,163.5800018310547,167.36000061035156,160.35000610351562,165.36000061035156,165.36000061035156,30145700
09/02/2022,167.4499969482422,167.92999267578125,159.22000122070312,160.32000732421875,160.32000732421875,22634200
09/06/2022,160.10000610351562,161.69000244140625,157.69000244140625,158.5399932861328,158.5399932861328,19339800
09/07/2022,157.75999450683594,160.9600067138672,156.80999755859375,160.38999938964844,160.38999938964844,16831200
09/08/2022,158.7100067138672,162.22999572753906,157.74000549316406,162.05999755859375,162.05999755859375,22530800
09/09/2022,163.25,169.5399932861328,163.02000427246094,169.14999389648438,169.14999389648438,22086800
09/12/2022,167.38999938964844,171.38999938964844,167.27999877929688,168.9600067138672,168.9600067138672,23220400
09/13/2022,161.5399932861328,161.6300048828125,152.6699981689453,153.1300048828125,153.1300048828125,44444100
09/14/2022,153.3300018310547,153.5399932861328,149.0500030517578,151.47000122070312,151.47000122070312,43064200
09/15/2022,149.8000030517578,154.1999969482422,148.6999969482422,149.5500030517578,149.5500030517578,34606300
09/16/2022,148.0500030517578,148.5800018310547,144.2899932861328,146.2899932861328,146.2899932861328,40122800
09/19/2022,145.24000549316406,148.5800018310547,145.10000610351562,148.02000427246094,148.02000427246094,22169500
09/20/2022,145.77999877929688,148.83999633789062,145.22000122070312,146.08999633789062,146.08999633789062,23217400
09/21/2022,146.38999938964844,149.60000610351562,142.0,142.1199951171875,142.1199951171875,38338600
09/22/2022,141.5500030517578,144.5800018310547,140.8699951171875,142.82000732421875,142.82000732421875,34418500
09/23/2022,141.4199981689453,142.6199951171875,138.88999938964844,140.41000366210938,140.41000366210938,31710700
09/26/2022,140.1199951171875,142.24000549316406,136.19000244140625,136.3699951171875,136.3699951171875,30497000
09/27/2022,137.9199981689453,139.4199981689453,134.1199951171875,134.39999389648438,134.39999389648438,30826500
09/28/2022,134.6199951171875,142.02999877929688,134.27000427246094,141.61000061035156,141.61000061035156,32658500
09/29/2022,139.36000061035156,139.83999633789062,135.1999969482422,136.41000366210938,136.41000366210938,38985400
09/30/2022,136.0500030517578,140.99000549316406,135.5,135.67999267578125,135.67999267578125,33166400
10/03/2022,137.13999938964844,139.6199951171875,136.10000610351562,138.61000061035156,138.61000061035156,27723100
10/04/2022,140.49000549316406,142.38999938964844,139.33999633789062,140.27999877929688,140.27999877929688,34670700
10/05/2022,138.24000549316406,140.2100067138672,134.77999877929688,138.97999572753906,138.97999572753906,27979300
10/06/2022,137.72000122070312,141.4499969482422,136.60000610351562,139.07000732421875,139.07000732421875,36231100
10/07/2022,136.75999450683594,138.2899932861328,132.44000244140625,133.4499969482422,133.4499969482422,33214800
10/10/2022,133.5500030517578,136.11000061035156,131.8699951171875,133.7899932861328,133.7899932861328,24024000
10/11/2022,131.6199951171875,132.66000366210938,126.98999786376953,128.5399932861328,128.5399932861328,38481400
10/12/2022,128.32000732421875,129.6699981689453,126.25,127.5,127.5,34605200
10/13/2022,123.52999877929688,131.13999938964844,122.52999877929688,130.2899932861328,130.2899932861328,34325700
10/14/2022,131.0,131.7899932861328,126.5199966430664,126.76000213623047,126.76000213623047,23559400
10/17/2022,130.3000030517578,134.7899932861328,130.17999267578125,134.0399932861328,134.0399932861328,29612200
10/18/2022,137.08999633789062,137.83999633789062,131.39999389648438,132.8000030517578,132.8000030517578,25445000
10/19/2022,132.88999938964844,137.0,132.22000122070312,133.22999572753906,133.22999572753906,30691000
10/20/2022,132.92999267578125,136.77000427246094,131.30999755859375,131.52999877929688,131.52999877929688,26356300
10/21/2022,126.30999755859375,130.1199951171875,125.44000244140625,130.00999450683594,130.00999450683594,46348600
10/24/2022,127.25,133.47999572753906,124.56999969482422,129.72000122070312,129.72000122070312,63563400
10/25/2022,130.8800048828125,138.35000610351562,130.58999633789062,137.50999450683594,137.50999450683594,38433200
10/26/2022,131.67999267578125,135.5500030517578,128.52999877929688,129.82000732421875,129.82000732421875,82791500
10/27/2022,97.9800033569336,102.5,96.37999725341797,97.94000244140625,97.94000244140625,232316600
10/28/2022,99.58000183105469,100.8499984741211,97.51000213623047,99.19999694824219,99.19999694824219,95928300
10/31/2022,98.22000122070312,99.31999969482422,92.5999984741211,93.16000366210938,93.16000366210938,121361400
11/01/2022,94.33000183105469,97.48999786376953,93.55000305175781,95.19999694824219,95.19999694824219,110189600
11/02/2022,94.20999908447266,95.19999694824219,90.4800033569336,90.54000091552734,90.54000091552734,71821100
11/03/2022,90.08000183105469,90.45999908447266,88.41000366210938,88.91000366210938,88.91000366210938,60664000
11/04/2022,90.3499984741211,91.38999938964844,88.08999633789062,90.79000091552734,90.79000091552734,55638100
11/07/2022,94.77999877929688,96.87999725341797,93.0999984741211,96.72000122070312,96.72000122070312,81987300
11/08/2022,95.91999816894531,97.80000305175781,94.79000091552734,96.47000122070312,96.47000122070312,52088300
11/09/2022,101.72000122070312,104.9000015258789,100.73999786376953,101.47000122070312,101.47000122070312,107677300
11/10/2022,107.12000274658203,112.75,104.61000061035156,111.87000274658203,111.87000274658203,80671000
11/11/2022,109.2300033569336,114.9000015258789,108.80999755859375,113.0199966430664,113.0199966430664,59961700
11/14/2022,110.98999786376953,116.2699966430664,110.80000305175781,114.22000122070312,114.22000122070312,53395000
11/15/2022,116.06999969482422,118.73999786376953,114.41000366210938,117.08000183105469,117.08000183105469,50670500
11/16/2022,114.5,116.08000183105469,112.66000366210938,113.2300033569336,113.2300033569336,33287800
11/17/2022,110.41000366210938,112.33000183105469,109.80000305175781,111.44999694824219,111.44999694824219,35093800
11/18/2022,113.80000305175781,114.31999969482422,110.62000274658203,112.05000305175781,112.05000305175781,33357700
11/21/2022,111.5199966430664,112.37000274658203,109.19000244140625,109.86000061035156,109.86000061035156,24351100
11/22/2022,109.86000061035156,111.62000274658203,108.31999969482422,111.44000244140625,111.44000244140625,29029000
11/23/2022,111.72000122070312,112.66999816894531,110.7300033569336,112.23999786376953,112.23999786376953,21343100
11/25/2022,111.30000305175781,112.7300033569336,111.0199966430664,111.41000366210938,111.41000366210938,12007600
11/28/2022,110.77999877929688,112.04000091552734,108.37999725341797,108.77999877929688,108.77999877929688,23309400
11/29/2022,109.54000091552734,110.94000244140625,108.54000091552734,109.45999908447266,109.45999908447266,23899200
11/30/2022,109.51000213623047,118.16000366210938,109.37999725341797,118.0999984741211,118.0999984741211,43348600
12/01/2022,119.19999694824219,121.19999694824219,118.4000015258789,120.44000244140625,120.44000244140625,36551400
12/02/2022,117.83000183105469,124.04000091552734,117.61000061035156,123.48999786376953,123.48999786376953,39950500
12/05/2022,121.75,124.66999816894531,121.3499984741211,122.43000030517578,122.43000030517578,35474900
12/06/2022,119.91000366210938,120.55000305175781,113.73999786376953,114.12000274658203,114.12000274658203,43689200
12/07/2022,113.76000213623047,115.87999725341797,112.87999725341797,113.93000030517578,113.93000030517578,29461100
12/08/2022,116.38999938964844,117.33999633789062,114.58999633789062,115.33000183105469,115.33000183105469,30619400
12/09/2022,115.30000305175781,117.54000091552734,113.87000274658203,115.9000015258789,115.9000015258789,26033400
12/12/2022,115.18000030517578,115.72000122070312,113.13999938964844,114.70999908447266,114.70999908447266,24747100
12/13/2022,122.12999725341797,123.30000305175781,118.63999938964844,120.1500015258789,120.1500015258789,44701100
12/14/2022,119.38999938964844,124.13999938964844,119.38999938964844,121.58999633789062,121.58999633789062,36922000
12/15/2022,118.33000183105469,118.62999725341797,114.01000213623047,116.1500015258789,116.1500015258789,34531000
12/16/2022,120.2300033569336,123.30999755859375,118.81999969482422,119.43000030517578,119.43000030517578,67064000
12/19/2022,116.83000183105469,117.80000305175781,114.33000183105469,114.4800033569336,114.4800033569336,29769900
12/20/2022,113.26000213623047,117.33000183105469,112.45999908447266,117.08999633789062,117.08999633789062,28742500
12/21/2022,116.69999694824219,120.33999633789062,115.62000274658203,119.76000213623047,119.76000213623047,20392800
12/22/2022,117.19999694824219,118.62000274658203,114.37999725341797,117.12000274658203,117.12000274658203,23618100
12/23/2022,116.02999877929688,118.18000030517578,115.54000091552734,118.04000091552734,118.04000091552734,17796600
12/27/2022,117.93000030517578,118.5999984741211,116.05000305175781,116.87999725341797,116.87999725341797,21392300
12/28/2022,116.25,118.1500015258789,115.51000213623047,115.62000274658203,115.62000274658203,19612500
12/29/2022,116.4000015258789,121.02999877929688,115.7699966430664,120.26000213623047,120.26000213623047,22366200
12/30/2022,118.16000366210938,120.41999816894531,117.73999786376953,120.33999633789062,120.33999633789062,19583800
01/03/2023,122.81999969482422,126.37000274658203,122.27999877929688,124.73999786376953,124.73999786376953,35528500
01/04/2023,127.37999725341797,129.0500030517578,125.8499984741211,127.37000274658203,127.37000274658203,32397100
01/05/2023,126.12999725341797,128.52000427246094,124.54000091552734,126.94000244140625,126.94000244140625,25447100
01/06/2023,128.97000122070312,130.3300018310547,126.04000091552734,130.02000427246094,130.02000427246094,27584500
01/09/2023,131.16000366210938,132.9499969482422,129.27999877929688,129.47000122070312,129.47000122070312,26649100
01/10/2023,127.2699966430664,133.44000244140625,127.1500015258789,132.99000549316406,132.99000549316406,28684400
01/11/2023,130.9600067138672,133.85000610351562,130.33999633789062,132.88999938964844,132.88999938964844,25423000
01/12/2023,133.44000244140625,137.67999267578125,131.75999450683594,136.7100067138672,136.7100067138672,30757700
01/13/2023,134.97000122070312,137.38999938964844,134.83999633789062,136.97999572753906,136.97999572753906,22423800
01/17/2023,136.17999267578125,136.75,134.25,135.36000061035156,135.36000061035156,21147600
01/18/2023,135.80999755859375,137.25,132.8000030517578,133.02000427246094,133.02000427246094,20215500
01/19/2023,132.49000549316406,137.4499969482422,132.13999938964844,136.14999389648438,136.14999389648438,28625200
01/20/2023,135.88999938964844,139.94000244140625,134.61000061035156,139.3699951171875,139.3699951171875,28688600
01/23/2023,139.2899932861328,143.75999450683594,138.66000366210938,143.27000427246094,143.27000427246094,27470100
01/24/2023,141.69000244140625,145.0,141.36000061035156,143.13999938964844,143.13999938964844,21970200
01/25/2023,141.22000122070312,143.1699981689453,140.30999755859375,141.5,141.5,26622000
01/26/2023,144.39999389648438,147.50999450683594,143.3000030517578,147.3000030517578,147.3000030517578,25482100
01/27/2023,148.24000549316406,153.19000244140625,147.38999938964844,151.74000549316406,151.74000549316406,35771900
01/30/2023,149.41000366210938,151.1199951171875,146.9499969482422,147.05999755859375,147.05999755859375,28040100
01/31/2023,147.9499969482422,149.8800048828125,147.52000427246094,148.97000122070312,148.97000122070312,29842100
02/01/2023,148.02999877929688,153.5800018310547,147.05999755859375,153.1199951171875,153.1199951171875,55661000
02/02/2023,183.3800048828125,197.16000366210938,180.16000366210938,188.77000427246094,188.77000427246094,150475700
02/03/2023,183.47000122070312,196.77000427246094,182.88999938964844,186.52999877929688,186.52999877929688,76809700
02/06/2023,186.52999877929688,190.6999969482422,185.52000427246094,186.05999755859375,186.05999755859375,42483800
02/07/2023,185.5800018310547,193.77999877929688,184.39999389648438,191.6199951171875,191.6199951171875,47080700
02/08/2023,190.0,190.8300018310547,182.9199981689453,183.42999267578125,183.42999267578125,36139100
02/09/2023,186.1300048828125,186.64999389648438,177.27000427246094,177.9199981689453,177.9199981689453,37118800
02/10/2023,176.35000610351562,178.88999938964844,173.35000610351562,174.14999389648438,174.14999389648438,33433600
02/13/2023,178.22000122070312,181.0,175.82000732421875,179.42999267578125,179.42999267578125,31463200
02/14/2023,177.16000366210938,181.50999450683594,175.8800048828125,179.47999572753906,179.47999572753906,24034600
02/15/2023,176.4199981689453,178.19000244140625,175.3300018310547,177.16000366210938,177.16000366210938,25308900
02/16/2023,172.75,175.85000610351562,171.7899932861328,172.44000244140625,172.44000244140625,25827500
02/17/2023,170.22000122070312,173.17999267578125,169.6999969482422,172.8800048828125,172.8800048828125,24171300
02/21/2023,174.30999755859375,178.1699981689453,171.8800048828125,172.0800018310547,172.0800018310547,34592600
02/22/2023,171.07000732421875,172.75999450683594,169.69000244140625,171.1199951171875,171.1199951171875,22433200
02/23/2023,172.0,173.69000244140625,169.3800048828125,172.0399932861328,172.0399932861328,20017800
02/24/2023,168.63999938964844,170.72000122070312,167.66000366210938,170.38999938964844,170.38999938964844,19791300
02/27/2023,171.8800048828125,173.1199951171875,169.05999755859375,169.5399932861328,169.5399932861328,19277000
02/28/2023,171.89999389648438,177.5500030517578,171.8699951171875,174.94000244140625,174.94000244140625,46051100
03/01/2023,174.58999633789062,177.85000610351562,173.0500030517578,173.4199981689453,173.4199981689453,30998400
03/02/2023,172.3800048828125,175.00999450683594,171.42999267578125,174.52999877929688,174.52999877929688,17352000
03/03/2023,178.9199981689453,186.6199951171875,177.0500030517578,185.25,185.25,45877700
03/06/2023,188.0,189.66000366210938,184.63999938964844,184.89999389648438,184.89999389648438,33209400
03/07/2023,189.0,190.36000061035156,184.00999450683594,184.50999450683594,184.50999450683594,36701500
03/08/2023,182.8699951171875,185.25999450683594,181.33999633789062,184.97000122070312,184.97000122070312,19432400
03/09/2023,186.35000610351562,188.92999267578125,180.3000030517578,181.69000244140625,181.69000244140625,26582800
03/10/2023,181.00999450683594,184.77000427246094,178.8000030517578,179.50999450683594,179.50999450683594,25665000
03/13/2023,177.9600067138672,183.77999877929688,174.82000732421875,180.89999389648438,180.89999389648438,24728000
03/14/2023,187.5800018310547,194.32000732421875,186.55999755859375,194.02000427246094,194.02000427246094,41642600
03/15/2023,192.9499969482422,197.77999877929688,190.83999633789062,197.75,197.75,42123600
03/16/2023,198.25999450683594,205.75999450683594,196.08999633789062,204.92999267578125,204.92999267578125,50447100
03/17/2023,200.55999755859375,201.89999389648438,195.42999267578125,195.61000061035156,195.61000061035156,50141100
03/20/2023,198.47999572753906,199.36000061035156,193.63999938964844,197.80999755859375,197.80999755859375,25186300
03/21/2023,203.1999969482422,203.5500030517578,197.9499969482422,202.16000366210938,202.16000366210938,31827000
03/22/2023,202.5,207.3699951171875,199.6699981689453,199.80999755859375,199.80999755859375,28477800
03/23/2023,202.83999633789062,207.8800048828125,202.14999389648438,204.27999877929688,204.27999877929688,27389700
03/24/2023,205.17999267578125,207.5800018310547,203.5500030517578,206.00999450683594,206.00999450683594,27716400
03/27/2023,204.80999755859375,205.86000061035156,201.36000061035156,202.83999633789062,202.83999633789062,18527200
03/28/2023,200.14999389648438,201.02999877929688,197.89999389648438,200.67999267578125,200.67999267578125,19127300
03/29/2023,203.55999755859375,205.72000122070312,202.5399932861328,205.35000610351562,205.35000610351562,18851100
03/30/2023,203.3800048828125,208.08999633789062,202.82000732421875,207.83999633789062,207.83999633789062,22608300
03/31/2023,207.24000549316406,212.1699981689453,206.77000427246094,211.94000244140625,211.94000244140625,25440300
04/03/2023,208.83999633789062,213.49000549316406,208.1999969482422,213.07000732421875,213.07000732421875,17924600
04/04/2023,213.38999938964844,216.24000549316406,212.5399932861328,214.72000122070312,214.72000122070312,21026400
04/05/2023,214.14999389648438,215.19000244140625,209.94000244140625,211.47999572753906,211.47999572753906,19396600
04/06/2023,209.25,216.94000244140625,208.64999389648438,216.10000610351562,216.10000610351562,26104400
04/10/2023,214.7100067138672,215.66000366210938,210.66000366210938,214.75,214.75,16106100
04/11/2023,215.47999572753906,216.02000427246094,213.41000366210938,213.85000610351562,213.85000610351562,16710100
04/12/2023,214.83999633789062,216.83999633789062,212.5800018310547,214.0,214.0,18972200
04/13/2023,215.72999572753906,221.14999389648438,215.69000244140625,220.35000610351562,220.35000610351562,23310400
04/14/2023,217.8800048828125,222.11000061035156,217.5500030517578,221.49000549316406,221.49000549316406,21591200
04/17/2023,219.7899932861328,220.97999572753906,217.1300048828125,218.86000061035156,218.86000061035156,15481900
04/18/2023,219.91000366210938,220.44000244140625,216.2100067138672,217.88999938964844,217.88999938964844,12281000
04/19/2023,213.47000122070312,217.3300018310547,212.92999267578125,215.6999969482422,215.6999969482422,15898100
04/20/2023,213.47999572753906,216.75,212.77000427246094,213.07000732421875,213.07000732421875,16475400
04/21/2023,210.2100067138672,213.41000366210938,209.5800018310547,212.88999938964844,212.88999938964844,17717200
04/24/2023,213.67999267578125,213.9199981689453,210.7100067138672,212.7899932861328,212.7899932861328,15750900
04/25/2023,210.82000732421875,211.25999450683594,207.1300048828125,207.5500030517578,207.5500030517578,19198200
04/26/2023,212.5,214.11000061035156,208.8800048828125,209.39999389648438,209.39999389648438,41992700
04/27/2023,239.88999938964844,241.69000244140625,236.77000427246094,238.55999755859375,238.55999755859375,71196500
04/28/2023,239.00999450683594,240.42999267578125,235.75,240.32000732421875,240.32000732421875,39554000
05/01/2023,238.6199951171875,244.0,236.4600067138672,243.17999267578125,243.17999267578125,29143900
05/02/2023,243.17999267578125,244.9199981689453,238.99000549316406,239.24000549316406,239.24000549316406,24350100
05/03/2023,239.47000122070312,241.75,232.75,237.02999877929688,237.02999877929688,34463900
05/04/2023,236.05999755859375,238.1999969482422,232.92999267578125,233.52000427246094,233.52000427246094,17889400
05/05/2023,232.24000549316406,234.67999267578125,229.85000610351562,232.77999877929688,232.77999877929688,26978900
05/08/2023,231.4199981689453,235.6199951171875,230.27000427246094,233.27000427246094,233.27000427246094,16400500
05/09/2023,231.4600067138672,235.8800048828125,231.0800018310547,233.3699951171875,233.3699951171875,16865600
05/10/2023,236.1699981689453,236.75,230.72000122070312,233.0800018310547,233.0800018310547,19119000
05/11/2023,233.0500030517578,238.2100067138672,232.3000030517578,235.7899932861328,235.7899932861328,20449000
05/12/2023,236.74000549316406,236.9600067138672,231.4499969482422,233.80999755859375,233.80999755859375,16155300
05/15/2023,236.9199981689453,240.25999450683594,235.3300018310547,238.86000061035156,238.86000061035156,20653200
05/16/2023,235.7899932861328,239.63999938964844,235.52000427246094,238.82000732421875,238.82000732421875,18163800
05/17/2023,238.4499969482422,243.83999633789062,238.13999938964844,242.49000549316406,242.49000549316406,21193100
05/18/2023,241.3000030517578,247.08999633789062,241.19000244140625,246.85000610351562,246.85000610351562,22943300
05/19/2023,247.47000122070312,248.69000244140625,243.41000366210938,245.63999938964844,245.63999938964844,21599800
05/22/2023,245.41000366210938,253.57000732421875,245.1199951171875,248.32000732421875,248.32000732421875,27738500
05/23/2023,246.80999755859375,251.61000061035156,246.64999389648438,246.74000549316406,246.74000549316406,17748100
05/24/2023,245.27999877929688,249.58999633789062,244.9499969482422,249.2100067138672,249.2100067138672,17724300
05/25/2023,253.39999389648438,255.6199951171875,249.1699981689453,252.69000244140625,252.69000244140625,22371400
05/26/2023,252.92999267578125,262.30999755859375,252.7100067138672,262.0400085449219,262.0400085449219,25727200
05/30/2023,265.25,268.6499938964844,261.2900085449219,262.5199890136719,262.5199890136719,23816500
05/31/2023,260.0,265.0,258.45001220703125,264.7200012207031,264.7200012207031,25473700
06/01/2023,265.8999938964844,274.0,265.8900146484375,272.6099853515625,272.6099853515625,25609500
06/02/2023,272.6600036621094,275.3500061035156,271.1199951171875,272.6099853515625,272.6099853515625,19405300
06/05/2023,270.29998779296875,275.57000732421875,269.55999755859375,271.3900146484375,271.3900146484375,20742900
06/06/2023,270.1400146484375,276.57000732421875,269.69000244140625,271.1199951171875,271.1199951171875,19419000
06/07/2023,271.6700134277344,274.25,262.79998779296875,263.6000061035156,263.6000061035156,26163600
06/08/2023,260.6199951171875,267.6499938964844,258.8800048828125,264.5799865722656,264.5799865722656,20899400
06/09/2023,262.4800109863281,267.95001220703125,261.70001220703125,264.95001220703125,264.95001220703125,16938500
06/12/2023,267.1700134277344,271.75,265.3299865722656,271.04998779296875,271.04998779296875,15442500
06/13/2023,274.8800048828125,275.7200012207031,269.0899963378906,271.32000732421875,271.32000732421875,16164000
06/14/2023,271.8900146484375,274.989990234375,268.32000732421875,273.3500061035156,273.3500061035156,19175100
06/15/2023,272.29998779296875,283.989990234375,271.4200134277344,281.8299865722656,281.8299865722656,25973500
06/16/2023,284.75,287.8500061035156,280.1300048828125,281.0,281.0,43102500
06/20/2023,278.7300109863281,284.79998779296875,276.2200012207031,284.3299865722656,284.3299865722656,20701600
06/21/2023,283.5299987792969,284.0,278.3599853515625,281.6400146484375,281.6400146484375,20556200
06/22/2023,279.0799865722656,285.260009765625,277.7900085449219,284.8800048828125,284.8800048828125,17563100
06/23/2023,281.510009765625,289.6700134277344,278.95001220703125,288.7300109863281,288.7300109863281,50988400
06/26/2023,288.70001220703125,289.7900085449219,277.6000061035156,278.4700012207031,278.4700012207031,24232700
06/27/2023,282.010009765625,289.3500061035156,280.6499938964844,287.04998779296875,287.04998779296875,26108300
06/28/2023,284.82000732421875,289.54998779296875,284.05999755859375,285.2900085449219,285.2900085449219,16722100
06/29/2023,284.5,286.57000732421875,280.69000244140625,281.5299987792969,281.5299987792969,15395700
06/30/2023,284.760009765625,289.04998779296875,284.4200134277344,286.9800109863281,286.9800109863281,19676000
07/03/2023,286.70001220703125,289.3999938964844,284.8500061035156,286.0199890136719,286.0199890136719,8629300
07/05/2023,287.6499938964844,298.1199951171875,286.3599853515625,294.3699951171875,294.3699951171875,33865500
07/06/2023,295.8900146484375,298.1199951171875,291.30999755859375,291.989990234375,291.989990234375,47600500
07/07/2023,292.17999267578125,296.20001220703125,288.6600036621094,290.5299987792969,290.5299987792969,25546200
07/10/2023,295.54998779296875,298.1300048828125,287.04998779296875,294.1000061035156,294.1000061035156,37058300
07/11/2023,293.8999938964844,300.17999267578125,291.8999938964844,298.2900085449219,298.2900085449219,27585900
07/12/2023,301.75,309.45001220703125,300.1000061035156,309.3399963378906,309.3399963378906,36677100
07/13/2023,313.6199951171875,316.239990234375,310.2900085449219,313.4100036621094,313.4100036621094,30281000
07/14/2023,311.7900085449219,314.8800048828125,307.3599853515625,308.8699951171875,308.8699951171875,22576000
07/17/2023,307.5400085449219,311.7099914550781,304.7099914550781,310.6199951171875,310.6199951171875,25323100
07/18/2023,310.8800048828125,314.20001220703125,307.6199951171875,312.04998779296875,312.04998779296875,20764600
07/19/2023,313.0299987792969,318.67999267578125,310.5199890136719,316.010009765625,316.010009765625,21763700
07/20/2023,313.5,315.5400085449219,302.2200012207031,302.5199890136719,302.5199890136719,23836900
07/21/2023,304.57000732421875,305.4599914550781,291.20001220703125,294.260009765625,294.260009765625,42089700
07/24/2023,295.7799987792969,297.5199890136719,288.29998779296875,291.6099853515625,291.6099853515625,24915700
07/25/2023,295.19000244140625,298.29998779296875,291.8599853515625,294.4700012207031,294.4700012207031,19585600
07/26/2023,301.19000244140625,301.7699890136719,291.8999938964844,298.57000732421875,298.57000732421875,47256900
07/27/2023,325.1199951171875,325.3500061035156,309.8399963378906,311.7099914550781,311.7099914550781,64229200
07/28/2023,316.8800048828125,326.20001220703125,314.25,325.4800109863281,325.4800109863281,39220300
07/31/2023,323.69000244140625,325.6600036621094,317.5899963378906,318.6000061035156,318.6000061035156,25799600
08/01/2023,317.5400085449219,324.1400146484375,314.6600036621094,322.7099914550781,322.7099914550781,22817900
08/02/2023,318.0,318.3900146484375,310.6499938964844,314.30999755859375,314.30999755859375,20461100
08/03/2023,309.92999267578125,315.95001220703125,309.92999267578125,313.19000244140625,313.19000244140625,15180200
08/04/2023,314.9599914550781,318.4100036621094,310.20001220703125,310.7300109863281,310.7300109863281,17600200
08/07/2023,313.2300109863281,317.07000732421875,310.4599914550781,316.55999755859375,316.55999755859375,16236500
08/08/2023,314.3999938964844,317.8900146484375,310.1099853515625,312.6400146484375,312.6400146484375,15183500
08/09/2023,312.8800048828125,313.6300048828125,302.8500061035156,305.2099914550781,305.2099914550781,19955800
08/10/2023,307.94000244140625,312.3399963378906,303.8699951171875,305.739990234375,305.739990234375,14358900
08/11/2023,302.57000732421875,304.7200012207031,300.3599853515625,301.6400146484375,301.6400146484375,13967800
08/14/2023,300.9800109863281,306.2099914550781,298.25,306.19000244140625,306.19000244140625,15641900
08/15/2023,306.1400146484375,307.2300109863281,300.0299987792969,301.95001220703125,301.95001220703125,11623600
08/16/2023,300.20001220703125,301.0799865722656,294.2799987792969,294.2900085449219,294.2900085449219,18547700
08/17/2023,293.04998779296875,296.04998779296875,284.95001220703125,285.0899963378906,285.0899963378906,23950100
08/18/2023,279.0299987792969,285.69000244140625,274.3800048828125,283.25,283.25,34061200
08/21/2023,283.45001220703125,290.5,281.8500061035156,289.8999938964844,289.8999938964844,20181500
08/22/2023,292.54998779296875,292.8999938964844,286.75,287.6000061035156,287.6000061035156,12999900
08/23/2023,288.5,297.3999938964844,287.6700134277344,294.239990234375,294.239990234375,18287000
08/24/2023,298.5,299.4599914550781,286.6400146484375,286.75,286.75,18360900
08/25/2023,286.1300048828125,288.3900146484375,276.0299987792969,285.5,285.5,23701400
08/28/2023,288.0,291.45001220703125,285.79998779296875,290.260009765625,290.260009765625,14239300
08/29/2023,288.5799865722656,299.1499938964844,288.17999267578125,297.989990234375,297.989990234375,20844500
08/30/2023,297.1700134277344,298.2900085449219,293.42999267578125,295.1000061035156,295.1000061035156,17717000
08/31/2023,295.79998779296875,301.1000061035156,295.6600036621094,295.8900146484375,295.8900146484375,17229900
09/01/2023,299.3699951171875,301.739990234375,294.4700012207031,296.3800048828125,296.3800048828125,12819800
09/05/2023,297.0199890136719,301.3900146484375,295.510009765625,300.1499938964844,300.1499938964844,14956000
09/06/2023,301.7099914550781,303.29998779296875,295.6600036621094,299.1700134277344,299.1700134277344,15418100
09/07/2023,298.0,307.04998779296875,292.2200012207031,298.6700134277344,298.6700134277344,33748700
09/08/2023,299.2200012207031,305.25,296.7799987792969,297.8900146484375,297.8900146484375,17548000
09/11/2023,301.4100036621094,309.0400085449219,301.2799987792969,307.55999755859375,307.55999755859375,19489300
09/12/2023,306.3299865722656,308.6600036621094,300.2300109863281,301.6600036621094,301.6600036621094,13480400
09/13/2023,302.3599853515625,307.17999267578125,301.32000732421875,305.05999755859375,305.05999755859375,13210900
09/14/2023,306.739990234375,312.8699951171875,305.0299987792969,311.7200012207031,311.7200012207031,19343100
09/15/2023,311.6099853515625,312.0,298.75,300.30999755859375,300.30999755859375,28106400
09/18/2023,298.19000244140625,303.6000061035156,297.79998779296875,302.54998779296875,302.54998779296875,14234200
09/19/2023,302.4800109863281,306.1700134277344,299.80999755859375,305.07000732421875,305.07000732421875,15924400
09/20/2023,305.04998779296875,308.05999755859375,299.42999267578125,299.6700134277344,299.6700134277344,19379500
09/21/2023,295.70001220703125,300.260009765625,293.2699890136719,295.7300109863281,295.7300109863281,21300500
09/22/2023,299.29998779296875,305.3800048828125,298.2699890136719,299.0799865722656,299.0799865722656,25369600
09/25/2023,295.6400146484375,300.95001220703125,293.70001220703125,300.8299865722656,300.8299865722656,18987000
09/26/2023,297.6600036621094,300.29998779296875,296.010009765625,298.9599914550781,298.9599914550781,19417200
09/27/2023,300.45001220703125,301.29998779296875,286.7900085449219,297.739990234375,297.739990234375,36429800
09/28/2023,298.94000244140625,306.3299865722656,296.70001220703125,303.9599914550781,303.9599914550781,22167100
09/29/2023,307.3800048828125,310.6400146484375,299.3599853515625,300.2099914550781,300.2099914550781,25356600
10/02/2023,302.739990234375,307.17999267578125,301.6300048828125,306.82000732421875,306.82000732421875,16265600
10/03/2023,304.260009765625,306.7699890136719,299.6400146484375,300.94000244140625,300.94000244140625,17362300
10/04/2023,298.7300109863281,306.8999938964844,298.5,305.5799865722656,305.5799865722656,16880500
10/05/2023,304.6300048828125,306.2099914550781,299.5,304.7900085449219,304.7900085449219,19130000
10/06/2023,301.44000244140625,316.30999755859375,300.9100036621094,315.42999267578125,315.42999267578125,21784000
10/09/2023,312.5,320.3299865722656,311.82000732421875,318.3599853515625,318.3599853515625,22503700
10/10/2023,319.1199951171875,324.6600036621094,318.1600036621094,321.8399963378906,321.8399963378906,19038000
10/11/2023,323.010009765625,328.8399963378906,322.95001220703125,327.82000732421875,327.82000732421875,22036300
10/12/2023,328.0,330.5400085449219,322.69000244140625,324.1600036621094,324.1600036621094,20530500
10/13/2023,323.5299987792969,325.04998779296875,312.3699951171875,314.69000244140625,314.69000244140625,21341000
10/16/2023,318.6400146484375,321.82000732421875,315.5199890136719,321.1499938964844,321.1499938964844,16536100
10/17/2023,318.17999267578125,324.3999938964844,317.29998779296875,324.0,324.0,16387800
10/18/2023,321.3900146484375,325.94000244140625,315.55999755859375,316.9700012207031,316.9700012207031,16851000
10/19/2023,319.8800048828125,321.8900146484375,311.75,312.80999755859375,312.80999755859375,18709200
10/20/2023,314.1400146484375,315.29998779296875,306.4700012207031,308.6499938964844,308.6499938964844,22287400
10/23/2023,309.5,317.3599853515625,307.260009765625,314.010009765625,314.010009765625,17796800
10/24/2023,316.7799987792969,318.3500061035156,310.6300048828125,312.54998779296875,312.54998779296875,19525500
10/25/2023,310.0,310.8800048828125,298.8399963378906,299.5299987792969,299.5299987792969,42192500
10/26/2023,295.0,295.0,279.3999938964844,288.3500061035156,288.3500061035156,66684100
10/27/2023,294.4800109863281,299.30999755859375,292.9700012207031,296.7300109863281,296.7300109863281,29596300
10/30/2023,299.0899963378906,309.3999938964844,299.04998779296875,302.6600036621094,302.6600036621094,28435100
10/31/2023,303.30999755859375,303.67999267578125,296.8599853515625,301.2699890136719,301.2699890136719,19434200
11/01/2023,301.8500061035156,312.739990234375,301.8500061035156,311.8500061035156,311.8500061035156,20434600
11/02/2023,317.29998779296875,318.82000732421875,308.3299865722656,310.8699951171875,310.8699951171875,21631800
11/03/2023,312.54998779296875,315.54998779296875,311.0199890136719,314.6000061035156,314.6000061035156,16754100
11/06/2023,315.9800109863281,318.3299865722656,314.45001220703125,315.79998779296875,315.79998779296875,12887700
11/07/2023,317.05999755859375,321.0,315.1199951171875,318.82000732421875,318.82000732421875,14055600
11/08/2023,318.1400146484375,321.3299865722656,314.8800048828125,319.7799987792969,319.7799987792969,13609700
11/09/2023,319.4200134277344,324.17999267578125,318.79998779296875,320.54998779296875,320.54998779296875,16103100
11/10/2023,319.94000244140625,329.1000061035156,319.4599914550781,328.7699890136719,328.7699890136719,19096200
11/13/2023,326.20001220703125,332.3299865722656,325.70001220703125,329.19000244140625,329.19000244140625,16908900
11/14/2023,334.5400085449219,338.1000061035156,333.3299865722656,336.30999755859375,336.30999755859375,17179400
11/15/2023,337.92999267578125,338.3999938964844,330.0199890136719,332.7099914550781,332.7099914550781,14531200
11/16/2023,329.3699951171875,334.5799865722656,326.3800048828125,334.19000244140625,334.19000244140625,18932600
11/17/2023,330.260009765625,335.5,329.3500061035156,335.0400085449219,335.0400085449219,14494400
11/20/2023,334.8900146484375,341.8699951171875,334.19000244140625,339.9700012207031,339.9700012207031,16960500
11/21/2023,338.3299865722656,339.8999938964844,335.8999938964844,336.9800109863281,336.9800109863281,12027900
11/22/2023,339.2099914550781,342.9200134277344,338.5799865722656,341.489990234375,341.489990234375,10702700
11/24/2023,340.1300048828125,341.8599853515625,336.7699890136719,338.2300109863281,338.2300109863281,5467500
11/27/2023,336.17999267578125,339.8999938964844,334.20001220703125,334.70001220703125,334.70001220703125,15684500
11/28/2023,333.3999938964844,339.3800048828125,333.3999938964844,338.989990234375,338.989990234375,12637200
11/29/2023,339.69000244140625,339.8999938964844,330.7799987792969,332.20001220703125,332.20001220703125,16024500
11/30/2023,331.8900146484375,333.5,322.3999938964844,327.1499938964844,327.1499938964844,23146400
12/01/2023,325.4800109863281,326.8599853515625,320.760009765625,324.82000732421875,324.82000732421875,15264700
12/04/2023,317.2900085449219,320.8599853515625,313.6600036621094,320.0199890136719,320.0199890136719,19037100
12/05/2023,318.9800109863281,321.8800048828125,315.3900146484375,318.2900085449219,318.2900085449219,16952100
12/06/2023,321.92999267578125,322.25,317.0400085449219,317.45001220703125,317.45001220703125,11294300
12/07/2023,317.7699890136719,328.239990234375,317.7699890136719,326.5899963378906,326.5899963378906,15905100
12/08/2023,323.0899963378906,333.1700134277344,323.0,332.75,332.75,14077500
12/11/2023,329.3999938964844,329.8900146484375,320.0,325.2799987792969,325.2799987792969,25802500
12/12/2023,324.6000061035156,334.4700012207031,324.55999755859375,334.2200012207031,334.2200012207031,18485500
12/13/2023,333.92999267578125,338.3699951171875,332.6400146484375,334.739990234375,334.739990234375,16353300
12/14/2023,333.8500061035156,334.70001220703125,328.6400146484375,333.1700134277344,333.1700134277344,19607300
12/15/2023,331.989990234375,338.6600036621094,331.2200012207031,334.9200134277344,334.9200134277344,30001600
12/18/2023,337.4800109863281,347.55999755859375,337.0199890136719,344.6199951171875,344.6199951171875,18993900
12/19/2023,345.5799865722656,353.6000061035156,345.1199951171875,350.3599853515625,350.3599853515625,17729400
12/20/2023,348.6499938964844,354.9599914550781,347.7900085449219,349.2799987792969,349.2799987792969,16369900
12/21/2023,352.9800109863281,356.4100036621094,349.2099914550781,354.0899963378906,354.0899963378906,15289600
12/22/2023,355.5799865722656,357.20001220703125,351.2200012207031,353.3900146484375,353.3900146484375,11764200
12/26/2023,354.989990234375,356.9800109863281,353.45001220703125,354.8299865722656,354.8299865722656,9898600
12/27/2023,356.07000732421875,359.0,355.30999755859375,357.8299865722656,357.8299865722656,13207900
12/28/2023,359.70001220703125,361.8999938964844,357.80999755859375,358.32000732421875,358.32000732421875,11798800
12/29/2023,358.989990234375,360.0,351.82000732421875,353.9599914550781,353.9599914550781,14980500
